Surname,"First name","ID number","Email address",State,"Started on",Completed,"Time taken",Grade/10.00,"Q. 1 /0.25","Q. 2 /0.25","Q. 3 /0.25","Q. 4 /0.25","Q. 5 /0.25","Q. 6 /0.25","Q. 7 /0.25","Q. 8 /0.25","Q. 9 /0.25","Q. 10 /0.25","Q. 11 /0.25","Q. 12 /0.25","Q. 13 /0.25","Q. 14 /0.25","Q. 15 /0.25","Q. 16 /0.25","Q. 17 /0.25","Q. 18 /0.25","Q. 19 /0.25","Q. 20 /0.25","Q. 21 /0.25","Q. 22 /0.25","Q. 23 /0.25","Q. 24 /0.25","Q. 25 /0.25","Q. 26 /0.25","Q. 27 /0.25","Q. 28 /0.25","Q. 29 /0.25","Q. 30 /0.25","Q. 31 /0.25","Q. 32 /0.25","Q. 33 /0.25","Q. 34 /0.25","Q. 35 /0.25","Q. 36 /0.25","Q. 37 /0.25","Q. 38 /0.25","Q. 39 /0.25","Q. 40 /0.25"
Vinh,"Trương Võ Quang",,3120225176@ued.udn.vn,Finished,"6 July 2026  2:01 PM","6 July 2026  2:50 PM","48 mins 43 secs",7.56,0.25,0.25,0.25,0.10,0.25,0.19,0.25,0.25,0.00,0.00,0.25,0.21,0.25,0.25,0.25,0.00,0.25,0.25,0.19,0.25,0.25,0.25,0.25,0.25,0.00,0.25,0.25,0.00,0.00,0.13,0.00,0.00,0.25,0.25,0.25,0.25,0.25,0.25,0.25,0.25
Nam,"Phạm Hoàng",,3120225095@ued.udn.vn,Finished,"6 July 2026  2:01 PM","6 July 2026  2:40 PM","38 mins 56 secs",9.50,0.00,0.25,0.25,0.25,0.25,0.25,0.25,0.25,0.25,0.25,0.25,0.25,0.15,0.25,0.25,0.25,0.25,0.25,0.25,0.25,0.25,0.25,0.25,0.25,0.25,0.25,0.25,0.25,0.25,0.25,0.25,0.17,0.19,0.25,0.25,0.25,0.25,0.25,0.25,0.25
Khoa,"Nguyễn Trọng Anh",,3120225073@ued.udn.vn,Finished,"6 July 2026  2:01 PM","6 July 2026  2:46 PM","45 mins 21 secs",9.03,0.25,0.25,0.25,0.25,0.25,0.25,0.25,0.25,0.10,0.25,0.00,0.25,0.19,0.19,0.25,0.25,0.08,0.25,0.25,0.25,0.25,0.13,0.25,0.25,0.25,0.25,0.10,0.25,0.25,0.25,0.25,0.25,0.25,0.25,0.25,0.25,0.25,0.25,0.25,0.25
Ngọc,"Lê Hoàng Thảo",,3120225099@ued.udn.vn,Finished,"6 July 2026  2:01 PM","6 July 2026  2:51 PM","49 mins 27 secs",9.01,0.00,0.25,0.25,0.00,0.25,0.25,0.25,0.19,0.25,0.25,0.25,0.25,0.25,0.25,0.25,0.25,0.25,0.25,0.25,0.25,0.25,0.00,0.25,0.20,0.25,0.25,0.25,0.25,0.25,0.25,0.25,0.25,0.13,0.25,0.25,0.25,0.25,0.25,0.25,0.25
Trinh,"Trần Thùy",,3120225164@ued.udn.vn,Finished,"6 July 2026  2:01 PM","6 July 2026  2:49 PM","48 mins 14 secs",9.46,0.06,0.25,0.25,0.25,0.25,0.25,0.25,0.25,0.25,0.25,0.25,0.25,0.25,0.25,0.19,0.25,0.25,0.25,0.25,0.25,0.25,0.25,0.13,0.25,0.25,0.25,0.25,0.25,0.25,0.25,0.25,0.15,0.25,0.19,0.25,0.25,0.25,0.25,0.25,0.25
Ngọc,"Trần Xuân",,3120225101@ued.udn.vn,Finished,"6 July 2026  2:01 PM","6 July 2026  2:38 PM","36 mins 36 secs",8.75,0.25,0.25,0.25,0.25,0.25,0.25,0.25,0.25,0.25,0.25,0.25,0.00,0.25,0.25,0.25,0.13,0.25,0.00,0.00,0.25,0.13,0.25,0.25,0.25,0.25,0.25,0.25,0.25,0.25,0.25,0.19,0.25,0.25,0.06,0.25,0.25,0.25,0.25,0.25,0.25
Yến,"Nguyễn Bảo",,3120225185@ued.udn.vn,Finished,"6 July 2026  2:01 PM","6 July 2026  2:50 PM","49 mins 10 secs",9.27,0.25,0.25,0.25,0.25,0.25,0.25,0.25,0.25,0.25,0.25,0.25,0.25,0.00,0.25,0.25,0.25,0.25,0.17,0.13,0.25,0.25,0.25,0.25,0.25,0.25,0.25,0.25,0.10,0.25,0.19,0.25,0.25,0.25,0.25,0.25,0.25,0.25,0.25,0.19,0.25
Khoa,"Nguyễn Phan Anh",,3120225072@ued.udn.vn,Finished,"6 July 2026  2:01 PM","6 July 2026  2:46 PM","45 mins 17 secs",9.19,0.25,0.25,0.25,0.25,0.25,0.25,0.00,0.25,0.25,0.19,0.25,0.25,0.25,0.25,0.13,0.25,0.25,0.00,0.25,0.19,0.25,0.25,0.25,0.25,0.25,0.25,0.25,0.25,0.25,0.25,0.25,0.25,0.25,0.25,0.25,0.25,0.25,0.19,0.25,0.25
Khánh,"Nguyễn Văn",,3120225070@ued.udn.vn,Finished,"6 July 2026  2:01 PM","6 July 2026  2:38 PM","37 mins 14 secs",9.63,0.25,0.19,0.25,0.25,0.25,0.25,0.25,0.25,0.25,0.25,0.25,0.25,0.25,0.25,0.25,0.25,0.25,0.25,0.25,0.25,0.25,0.25,0.25,0.25,0.25,0.25,0.25,0.25,0.25,0.25,0.13,0.25,0.25,0.25,0.25,0.25,0.25,0.25,0.25,0.06
Phát,"Bùi Đức",,3120225115@ued.udn.vn,Finished,"6 July 2026  2:01 PM","6 July 2026  2:40 PM","38 mins 42 secs",8.90,0.25,0.00,0.00,0.25,0.25,0.25,0.25,0.25,0.25,0.25,0.25,0.25,0.00,0.25,0.25,0.25,0.25,0.25,0.25,0.25,0.25,0.25,0.25,0.25,0.25,0.25,0.25,0.00,0.25,0.15,0.25,0.25,0.25,0.25,0.25,0.25,0.25,0.25,0.25,0.25
Trường,"Ngô Phi",,3120225168@ued.udn.vn,Finished,"6 July 2026  2:01 PM","6 July 2026  2:41 PM","39 mins 34 secs",7.90,0.25,0.25,0.25,0.25,0.21,0.25,0.25,0.25,0.25,0.25,0.19,0.19,0.25,0.25,0.25,0.00,0.20,0.25,0.25,0.25,0.19,0.00,0.25,0.19,0.25,0.15,0.21,0.00,0.25,0.19,0.25,0.00,0.25,0.20,0.25,0.00,0.25,0.00,0.25,0.25
Byă,"Y - Thiên",,3120225015@ued.udn.vn,Finished,"6 July 2026  2:01 PM","6 July 2026  2:40 PM","39 mins 17 secs",9.44,0.25,0.25,0.25,0.25,0.25,0.25,0.25,0.25,0.25,0.25,0.25,0.25,0.00,0.00,0.25,0.25,0.25,0.25,0.25,0.25,0.25,0.25,0.25,0.19,0.25,0.25,0.25,0.25,0.25,0.25,0.25,0.25,0.25,0.25,0.25,0.25,0.25,0.25,0.25,0.25
An,"Trần Nguyễn Khánh",,3120225004@ued.udn.vn,Finished,"6 July 2026  2:01 PM","6 July 2026  2:48 PM","46 mins 43 secs",9.54,0.19,0.25,0.25,0.25,0.25,0.10,0.25,0.25,0.25,0.25,0.25,0.25,0.25,0.25,0.25,0.19,0.25,0.25,0.25,0.25,0.25,0.25,0.25,0.25,0.25,0.25,0.25,0.25,0.25,0.25,0.13,0.19,0.25,0.25,0.25,0.25,0.25,0.25,0.25,0.25
Hiền,"Đỗ Thu",,3120225047@ued.udn.vn,Finished,"6 July 2026  2:01 PM","6 July 2026  2:51 PM","49 mins 30 secs",8.78,0.25,0.25,0.17,0.25,0.25,0.19,0.25,0.20,0.25,0.06,0.25,0.25,0.10,0.25,0.25,0.25,0.25,0.25,0.25,0.25,0.25,0.25,0.25,0.25,0.25,0.00,0.25,0.25,0.00,0.25,0.25,0.25,0.25,0.25,0.25,0.13,0.25,0.25,0.19,0.25
Hân,"Phan Bảo",,3120225043@ued.udn.vn,Finished,"6 July 2026  2:01 PM","6 July 2026  2:50 PM","48 mins 51 secs",8.21,0.00,0.00,0.19,0.00,0.25,0.13,0.25,0.00,0.25,0.25,0.25,0.25,0.25,0.25,0.25,0.25,0.25,0.25,0.15,0.25,0.25,0.25,0.25,0.25,0.25,0.25,0.25,0.25,0.25,0.25,0.25,0.08,0.17,0.25,0.25,0.00,0.25,0.25,0.25,0.25
Nhân,"Hoàng Bảo",,3120225106@ued.udn.vn,Finished,"6 July 2026  2:01 PM","6 July 2026  2:39 PM","37 mins 57 secs",9.04,0.25,0.25,0.25,0.25,0.25,0.25,0.25,0.25,0.25,0.13,0.06,0.25,0.25,0.25,0.25,0.00,0.25,0.25,0.25,0.25,0.25,0.25,0.25,0.10,0.25,0.25,0.00,0.25,0.25,0.25,0.25,0.25,0.25,0.25,0.25,0.25,0.25,0.25,0.25,0.25
Mạnh,"Trần Đức",,3120225089@ued.udn.vn,Finished,"6 July 2026  2:01 PM","6 July 2026  2:38 PM","36 mins 30 secs",8.43,0.25,0.13,0.25,0.25,0.25,0.25,0.25,0.25,0.00,0.21,0.13,0.13,0.25,0.25,0.00,0.05,0.25,0.25,0.25,0.25,0.25,0.25,0.25,0.25,0.25,0.25,0.19,0.25,0.25,0.25,0.17,0.25,0.25,0.00,0.25,0.25,0.25,0.25,0.19,0.25
Phi,"Nguyễn Lê Ngọc",,3120225116@ued.udn.vn,Finished,"6 July 2026  2:01 PM","6 July 2026  2:38 PM","36 mins 46 secs",9.43,0.25,0.21,0.25,0.25,0.25,0.25,0.25,0.25,0.00,0.20,0.25,0.25,0.19,0.25,0.25,0.25,0.25,0.25,0.25,0.25,0.25,0.17,0.25,0.25,0.25,0.25,0.25,0.25,0.25,0.25,0.25,0.25,0.25,0.25,0.25,0.25,0.25,0.17,0.25,0.25
Kỳ,"Nguyễn Văn",,3120225076@ued.udn.vn,Finished,"6 July 2026  2:01 PM","6 July 2026  2:41 PM","39 mins 24 secs",9.48,0.10,0.25,0.25,0.25,0.25,0.25,0.25,0.25,0.25,0.25,0.25,0.25,0.25,0.25,0.25,0.25,0.25,0.25,0.25,0.25,0.25,0.19,0.25,0.25,0.25,0.25,0.00,0.25,0.25,0.25,0.25,0.25,0.25,0.25,0.25,0.25,0.25,0.25,0.25,0.19
Bảo,"Trần Anh",,3120225011@ued.udn.vn,Finished,"6 July 2026  2:01 PM","6 July 2026  2:43 PM","41 mins 21 secs",9.23,0.25,0.25,0.25,0.25,0.25,0.25,0.25,0.25,0.25,0.25,0.25,0.25,0.25,0.25,0.25,0.25,0.25,0.25,0.25,0.25,0.25,0.25,0.25,0.10,0.00,0.06,0.25,0.25,0.25,0.13,0.25,0.25,0.25,0.25,0.25,0.19,0.25,0.25,0.25,0.25
Đạt,"Phạm Thành",,3120225026@ued.udn.vn,Finished,"6 July 2026  2:01 PM","6 July 2026  2:40 PM","39 mins 10 secs",8.38,0.25,0.25,0.25,0.25,0.25,0.25,0.00,0.10,0.15,0.25,0.25,0.25,0.25,0.19,0.25,0.25,0.25,0.25,0.25,0.25,0.25,0.25,0.25,0.25,0.00,0.25,0.19,0.25,0.19,0.00,0.25,0.25,0.00,0.25,0.06,0.25,0.25,0.25,0.25,0.25
XAYLAVANH,CHOMMANIVONG,,3120225200@ued.udn.vn,Finished,"6 July 2026  2:01 PM","6 July 2026  2:40 PM","38 mins 52 secs",7.18,0.25,0.00,0.25,0.00,0.00,0.25,0.25,0.25,0.25,0.20,0.00,0.00,0.00,0.25,0.25,0.25,0.19,0.00,0.25,0.25,0.25,0.25,0.25,0.25,0.00,0.25,0.25,0.10,0.25,0.19,0.25,0.25,0.25,0.00,0.25,0.25,0.00,0.25,0.25,0.25
Nhi,"Hồ Thị Mai",,3120225109@ued.udn.vn,Finished,"6 July 2026  2:01 PM","6 July 2026  2:50 PM","49 mins",9.31,0.25,0.06,0.25,0.25,0.25,0.25,0.13,0.25,0.25,0.25,0.00,0.25,0.25,0.25,0.25,0.25,0.25,0.25,0.25,0.25,0.25,0.25,0.25,0.25,0.25,0.25,0.13,0.25,0.25,0.25,0.25,0.25,0.25,0.25,0.25,0.25,0.25,0.25,0.25,0.25
Quân,"Lê Trần Đức",,3120223156@ued.udn.vn,Finished,"6 July 2026  2:01 PM","6 July 2026  2:51 PM","50 mins 1 sec",8.27,0.25,0.25,0.25,0.25,0.21,0.25,0.25,0.00,0.25,0.25,0.25,0.25,0.25,0.25,0.19,0.25,0.25,0.25,0.25,0.25,0.25,0.25,0.25,-,0.13,0.25,0.25,0.25,0.25,0.25,0.25,0.25,-,-,-,0.25,0.25,0.25,-,0.25
Thúy,"Nguyễn Thị Thanh",,3120225150@ued.udn.vn,Finished,"6 July 2026  2:01 PM","6 July 2026  2:38 PM","36 mins 27 secs",7.13,0.00,0.25,0.25,0.25,0.10,0.25,0.00,0.25,0.00,0.25,0.25,0.25,0.25,0.25,0.25,0.25,0.00,0.00,0.13,0.00,0.25,0.25,0.25,0.25,0.25,0.25,0.00,0.25,0.25,0.25,0.25,0.25,0.25,0.25,0.25,0.15,0.00,0.00,0.25,0.00
Dũng,"Đoàn Trung",,3120225032@ued.udn.vn,Finished,"6 July 2026  2:01 PM","6 July 2026  2:47 PM","45 mins 43 secs",9.19,0.25,0.25,0.25,0.21,0.25,0.25,0.13,0.19,0.17,0.25,0.25,0.25,0.25,0.25,0.25,0.25,0.25,0.25,0.25,0.25,0.25,0.13,0.25,0.25,0.25,0.25,0.25,0.25,0.25,0.25,0.25,0.25,0.25,0.25,0.00,0.25,0.13,0.25,0.25,0.25
Vy,"Phạm Khánh",,3120225180@ued.udn.vn,Finished,"6 July 2026  2:01 PM","6 July 2026  2:45 PM","43 mins 40 secs",9.30,0.25,0.25,0.25,0.25,0.25,0.25,0.25,0.25,0.25,0.25,0.25,0.25,0.25,0.25,0.06,0.25,0.25,0.25,0.19,0.25,0.15,0.25,0.25,0.25,0.25,0.25,0.25,0.25,0.00,0.25,0.25,0.25,0.25,0.15,0.25,0.25,0.25,0.25,0.25,0.25
Trang,"Trần Thị Minh",,3120225161@ued.udn.vn,Finished,"6 July 2026  2:01 PM","6 July 2026  2:49 PM","47 mins 29 secs",6.90,0.25,0.25,0.25,0.25,0.19,0.25,0.00,0.25,0.25,0.25,0.25,0.25,0.25,0.00,0.25,0.25,0.25,0.19,0.25,0.00,0.00,0.05,0.13,0.25,0.19,0.25,0.00,0.25,0.25,0.25,0.00,0.25,0.17,0.00,0.25,0.25,0.00,0.25,0.00,0.00
BONIK,SIMMAVATH,,3120225186@ued.udn.vn,Finished,"6 July 2026  2:01 PM","6 July 2026  2:51 PM","50 mins 1 sec",6.67,0.25,0.08,0.00,0.13,0.25,0.25,0.00,0.25,0.25,0.25,0.25,0.00,0.00,0.25,0.25,0.13,0.00,0.00,0.25,0.25,0.25,0.25,0.25,0.06,0.00,0.21,0.25,0.06,0.19,0.25,0.00,0.25,0.13,0.25,0.00,0.25,0.19,0.25,0.25,0.25
Thắng,"Phan Viết",,3120225138@ued.udn.vn,Finished,"6 July 2026  2:01 PM","6 July 2026  2:31 PM","29 mins 59 secs",9.27,0.25,0.25,0.25,0.25,0.25,0.25,0.25,0.25,0.25,0.25,0.00,0.19,0.25,0.25,0.25,0.25,0.25,0.25,0.25,0.25,0.25,0.25,0.25,0.25,0.19,0.25,0.25,0.00,0.25,0.21,0.25,0.25,0.25,0.25,0.25,0.25,0.25,0.25,0.25,0.19
SOYKEO,BOUPPHAPHANH,,3120225198@ued.udn.vn,Finished,"6 July 2026  2:01 PM","6 July 2026  2:39 PM","37 mins 12 secs",6.23,0.00,0.25,0.25,0.25,0.00,0.00,0.06,0.00,0.25,0.00,0.25,0.25,0.19,0.25,0.00,0.25,0.00,0.25,0.25,0.19,0.00,0.25,0.04,0.25,0.25,0.00,0.25,0.25,0.25,0.25,0.25,0.00,0.00,0.25,0.25,0.25,0.00,0.25,0.00,0.25
Hoa,"Phan Thị Diệu",,3120225054@ued.udn.vn,Finished,"6 July 2026  2:01 PM","6 July 2026  2:30 PM","28 mins 57 secs",8.67,0.25,0.00,0.25,0.25,0.25,0.25,0.25,0.25,0.25,0.25,0.25,0.25,0.25,0.25,0.25,0.25,0.00,0.25,0.25,0.25,0.25,0.25,0.25,0.13,0.17,0.25,0.25,0.25,0.25,0.25,0.25,0.25,0.00,0.25,0.25,0.13,0.25,0.25,0.00,0.25
Dương,"Nguyễn Thị Thùy",,3120225035@ued.udn.vn,Finished,"6 July 2026  2:01 PM","6 July 2026  2:50 PM","48 mins 8 secs",9.50,0.25,0.25,0.25,0.25,0.25,0.25,0.25,0.19,0.25,0.25,0.25,0.25,0.25,0.25,0.25,0.25,0.25,0.25,0.25,0.25,0.25,0.25,0.25,0.25,0.25,0.25,0.25,0.25,0.25,0.25,0.25,0.00,0.06,0.25,0.25,0.25,0.25,0.25,0.25,0.25
Trâm,"Lê Thị Ngọc",,3120225156@ued.udn.vn,Finished,"6 July 2026  2:02 PM","6 July 2026  2:46 PM","44 mins 20 secs",7.14,0.25,0.00,0.10,0.25,0.25,0.00,0.25,0.25,0.25,0.25,0.25,0.25,0.17,0.00,0.25,0.25,0.25,0.25,0.00,0.00,0.25,0.25,0.25,0.25,0.00,0.00,0.25,0.00,0.00,0.25,0.25,0.25,0.25,0.25,0.25,0.25,0.00,0.25,0.25,0.13
Toàn,"Lê Hữu",,3120225152@ued.udn.vn,Finished,"6 July 2026  2:02 PM","6 July 2026  2:44 PM","41 mins 46 secs",9.71,0.25,0.25,0.25,0.25,0.25,0.25,0.25,0.25,0.25,0.19,0.25,0.25,0.25,0.25,0.13,0.25,0.25,0.25,0.25,0.25,0.25,0.25,0.15,0.25,0.25,0.25,0.25,0.25,0.25,0.25,0.25,0.25,0.25,0.25,0.25,0.25,0.25,0.25,0.25,0.25
Anh,"Trương Nguyễn Hoài",,3120225008@ued.udn.vn,Finished,"6 July 2026  2:02 PM","6 July 2026  2:48 PM","46 mins 5 secs",9.63,0.25,0.25,0.00,0.25,0.25,0.25,0.25,0.25,0.25,0.25,0.25,0.25,0.25,0.25,0.25,0.25,0.25,0.25,0.25,0.25,0.25,0.25,0.25,0.25,0.25,0.19,0.25,0.25,0.19,0.25,0.25,0.25,0.25,0.25,0.25,0.25,0.25,0.25,0.25,0.25
Thành,"Phạm Minh",,3120225142@ued.udn.vn,Finished,"6 July 2026  2:02 PM","6 July 2026  2:36 PM","33 mins 58 secs",8.48,0.25,0.17,0.25,0.25,0.25,0.25,0.25,0.25,0.25,0.25,0.00,0.25,0.25,0.25,0.25,0.25,0.25,0.25,0.13,0.19,0.06,0.25,0.25,0.25,0.00,0.25,0.00,0.25,0.25,0.25,0.25,0.25,0.25,0.25,0.25,0.25,0.06,0.25,0.25,0.13
Hoàng,"Nguyễn Minh",,3120225055@ued.udn.vn,Finished,"6 July 2026  2:02 PM","6 July 2026  2:42 PM","39 mins 43 secs",9.71,0.25,0.25,0.25,0.25,0.25,0.25,0.25,0.25,0.19,0.25,0.25,0.19,0.20,0.25,0.25,0.25,0.25,0.25,0.25,0.25,0.25,0.20,0.25,0.25,0.25,0.25,0.25,0.25,0.25,0.25,0.25,0.25,0.25,0.25,0.25,0.25,0.25,0.25,0.19,0.25
Doanh,"Đinh Lê Công",,3120225027@ued.udn.vn,Finished,"6 July 2026  2:02 PM","6 July 2026  2:45 PM","43 mins 5 secs",7.71,0.25,0.25,0.00,0.25,0.19,0.25,0.25,0.25,0.00,0.25,0.25,0.00,0.25,0.25,0.25,0.15,0.25,0.25,0.00,0.06,0.25,0.25,0.25,0.25,0.25,0.25,0.25,0.00,0.25,0.25,0.00,0.25,0.25,0.25,0.25,0.25,0.25,0.06,0.00,0.25
Đại,"Đặng Đức",,3120225022@ued.udn.vn,Finished,"6 July 2026  2:02 PM","6 July 2026  2:42 PM","39 mins 26 secs",7.83,-,0.25,0.25,0.25,0.13,0.25,0.25,0.00,0.25,0.17,0.25,0.00,0.25,0.00,0.25,0.17,0.25,0.25,0.00,0.25,0.25,0.10,0.25,0.25,0.25,0.25,0.25,0.25,0.25,0.25,0.25,0.19,0.25,0.25,-,0.25,0.25,0.25,0.08,0.25
Sang,"Phạm Thanh",,3120225131@ued.udn.vn,Finished,"6 July 2026  2:02 PM","6 July 2026  2:42 PM","39 mins 43 secs",9.31,0.25,0.25,0.25,0.25,0.25,0.25,0.25,0.25,0.25,0.25,0.25,0.25,0.25,0.25,0.25,0.25,0.25,0.25,0.25,0.25,0.13,0.25,0.25,0.25,0.25,0.00,0.25,0.25,0.25,0.25,0.25,0.00,0.25,0.25,0.25,0.25,0.25,0.19,0.25,0.25
An,"Đỗ Ngọc Khánh",,3120225001@ued.udn.vn,Finished,"6 July 2026  2:03 PM","6 July 2026  2:49 PM","46 mins 56 secs",9.55,0.25,0.25,0.19,0.25,0.25,0.25,0.25,0.25,0.25,0.25,0.25,0.25,0.00,0.21,0.25,0.25,0.20,0.25,0.25,0.25,0.25,0.25,0.25,0.25,0.25,0.25,0.25,0.25,0.25,0.25,0.25,0.25,0.20,0.25,0.25,0.25,0.25,0.25,0.25,0.25
Tuấn,"Phan Anh",,3120225171@ued.udn.vn,Finished,"6 July 2026  2:03 PM","6 July 2026  2:53 PM","50 mins 1 sec",7.08,0.17,0.25,0.25,0.25,0.00,0.25,0.25,0.19,0.25,-,0.25,-,0.17,0.00,-,0.20,0.25,0.25,0.15,0.21,-,-,0.25,0.25,0.19,-,0.25,0.25,0.25,0.13,0.00,0.25,0.19,0.25,0.25,0.25,0.25,0.25,0.25,0.25
Quang,"Đoàn Văn",,3120225124@ued.udn.vn,Finished,"6 July 2026  2:03 PM","6 July 2026  2:41 PM","37 mins 47 secs",9.29,0.25,0.25,0.25,0.25,0.25,0.25,0.25,0.25,0.25,0.25,0.25,0.25,0.10,0.13,0.25,0.25,0.25,0.25,0.25,0.13,0.25,0.25,0.25,0.25,0.25,0.00,0.25,0.25,0.25,0.25,0.25,0.25,0.25,0.25,0.25,0.25,0.25,0.19,0.25,0.25
Quốc,Huỳnh,,3120225127@ued.udn.vn,Finished,"6 July 2026  2:03 PM","6 July 2026  2:36 PM","32 mins 57 secs",8.86,0.25,0.13,0.19,0.19,0.25,0.25,0.25,0.25,0.25,0.25,0.25,0.25,0.25,0.15,0.25,0.19,0.25,0.25,0.25,0.00,0.25,0.25,0.25,0.25,0.00,0.25,0.13,0.25,0.25,0.25,0.25,0.25,0.25,0.25,0.25,0.15,0.25,0.25,0.25,0.25
Học,"Trương Văn",,3120225058@ued.udn.vn,Finished,"6 July 2026  2:03 PM","6 July 2026  2:53 PM","49 mins 15 secs",9.23,0.25,0.25,0.25,0.25,0.25,0.25,0.25,0.25,0.25,0.15,0.25,0.25,0.25,0.25,0.25,0.25,0.25,0.25,0.25,0.25,0.25,0.25,0.25,0.13,0.13,0.25,0.25,0.19,0.25,0.25,0.21,0.25,0.25,0.25,0.25,0.00,0.25,0.25,0.19,0.25
Phượng,"Nguyễn Thị Hồng",,3120225123@ued.udn.vn,Finished,"6 July 2026  2:04 PM","6 July 2026  2:43 PM","39 mins 35 secs",8.13,0.25,0.25,0.25,0.25,0.00,0.25,0.25,0.17,0.25,0.25,0.25,0.25,0.25,0.25,0.25,0.25,0.25,0.00,0.25,0.00,0.25,0.25,0.25,0.00,0.25,0.25,0.00,0.25,0.00,0.25,0.25,0.25,0.25,0.21,0.25,0.25,0.25,0.25,0.00,0.25
PHOUTTHASONE,KHAMSUVAN,,3120225196@ued.udn.vn,Finished,"6 July 2026  2:04 PM","6 July 2026  2:38 PM","34 mins 7 secs",7.72,0.00,0.25,0.25,0.25,0.25,0.00,0.25,0.25,0.25,0.25,0.00,0.19,0.25,0.25,0.25,0.25,0.00,0.21,0.19,0.25,0.25,0.25,0.25,0.25,0.25,0.25,0.17,0.19,0.19,0.25,0.19,0.25,0.25,0.00,0.08,0.00,0.13,0.25,0.20,0.25
Vy,"Phạm Lê",,3120225181@ued.udn.vn,Finished,"6 July 2026  2:07 PM","6 July 2026  2:38 PM","30 mins 8 secs",9.10,0.25,0.25,0.00,0.25,0.19,0.25,0.25,0.25,0.25,0.25,0.25,0.25,0.25,0.25,0.25,0.25,0.25,0.25,0.10,0.25,0.25,0.25,0.25,0.25,0.25,0.19,0.25,0.25,0.25,0.25,0.25,0.25,0.25,0.25,0.25,0.25,0.13,0.25,0.25,0.00
Sinh,"Nguyễn Thị",,3120223169@ued.udn.vn,Finished,"6 July 2026  2:08 PM","6 July 2026  2:52 PM","44 mins 18 secs",7.44,0.25,0.25,0.25,0.25,0.15,0.25,0.25,0.00,0.25,0.25,0.00,0.25,0.25,0.25,0.00,0.25,0.25,0.25,0.25,0.25,0.25,0.19,0.06,0.13,0.13,0.25,0.17,0.00,0.25,0.19,0.00,0.00,0.00,0.25,0.25,0.19,0.25,0.25,0.25,0.25
Nguyên,"Đặng Ngọc",,3120225102@ued.udn.vn,Finished,"6 July 2026  2:16 PM","6 July 2026  2:53 PM","36 mins 32 secs",9.10,0.25,0.19,0.25,0.25,0.25,0.19,0.25,0.25,0.25,0.25,0.00,0.13,0.19,0.25,0.25,0.25,0.25,0.17,0.25,0.25,0.25,0.25,0.25,0.25,0.25,0.25,0.25,0.25,0.00,0.25,0.25,0.25,0.25,0.25,0.25,0.25,0.25,0.25,0.25,0.25
"Overall average",,,,,,,,8.64,0.21,0.21,0.22,0.23,0.22,0.23,0.22,0.22,0.22,0.22,0.20,0.21,0.20,0.22,0.22,0.22,0.22,0.22,0.21,0.21,0.22,0.22,0.24,0.22,0.20,0.21,0.21,0.20,0.22,0.23,0.21,0.21,0.21,0.22,0.22,0.22,0.21,0.23,0.21,0.22
